provider,service_user_id,service_user_name,location,status
naveen,cody,Cody Fisher,"Freehold, New Jersey",Active
naveen,darlene,Darlene Robison,"Freehold, New Jersey",Active
naveen,andy,Andy Parker,"Freehold, New Jersey",Active
naveen,mandy,Mandy Lai,"Freehold, New Jersey",Pending
naveen,howard,Howard Chile ,"Freehold, New Jersey",Pending
naveen,mary,Mary Lee,"Freehold, New Jersey",Inactive
naveen,julia,Julia Juke,"Freehold, New Jersey",Inactive
naveen,kyle,Kyle Wood,"Freehold, New Jersey",Inactive
naveen,naveen_ramon,Naveen Ramon,"Freehold, New Jersey",Active
naveen,naveen_j_ramen,Naveen J Ramen,"Freehold, New Jersey",Active
naveen,hello,Hello,"Freehold, New Jersey",Active
